"gdp_mean","schol_d"
1.6e+07,"pam 1"
29400000,"pam 12"
25600000,"pam 13"
25300000,"pam 14"
25300000,"pam 15"
25300000,"pam 16"
16900000,"pam 17"
25300000,"pam 20"
18100000,"pam 23"
26100000,"pam 24"
23500000,"pam 25"
29500000,"pam 26"
19800000,"pam 27"
21600000,"pam 28"
23100000,"pam 3"
2e+07,"pam 30"
25300000,"pam 31"
15900000,"pam 32"
23900000,"pam 4"
29200000,"pam 5"
21500000,"pam 6"
2.3e+07,"pam 8"
23400000,"pam 9"
24600000,"pam 29"
16100000,"pam 7"
2.6e+07,"pam 10"
17100000,"pam 22"
11200000,"pam 2"
23300000,"pam 18"
15300000,"pam 11"
24800000,"pam 21"
1.6e+07,"pam 19"
11500000,"avs005"
11300000,"avs013"
11200000,"avs070"
14300000,"avs071"
16200000,"avs076"
11500000,"avs010"
10800000,"avs064"
23500000,"avs002"
21600000,"avs008"
22800000,"avs009"
8384397.905,"avs044"
7255996.082,"avs067"
20900000,"avs041"
16900000,"avs068"
21400000,"avs040"
23600000,"avs047"
17600000,"avs046"
17900000,"avs078"
6268907.24,"avs006"
7027490.88,"avs045"
25900000,"avs007"
23200000,"avs054"
24800000,"avs063"
24100000,"avs042"
14700000,"avs022"
14500000,"avs036"
14300000,"avs028"
14500000,"avs016"
14500000,"avs034"
14700000,"avs038"
11700000,"avs027"
14800000,"avs033"
13600000,"avs026"
16600000,"avs015"
15900000,"avs019"
10300000,"avs018"
10200000,"avs011"
10200000,"avs023"
14200000,"avs029"
12800000,"avs014"
14300000,"avs025"
10800000,"avs020"
13200000,"avs017"
12900000,"avs030"
13200000,"avs024"
9065109.603,"avs032"
9939205.994,"avs037"
7012943.541,"avs035"
14300000,"avs031"
10100000,"avs021"
2.5e+07,"avs039"
20500000,"avs060"
15700000,"avs072"
24100000,"avs058"
25900000,"avs057"
24800000,"avs074"
16400000,"avs062"
16600000,"avs052"
11500000,"avs050"
16600000,"avs048"
23500000,"avs043"
2.3e+07,"avs065"
12200000,"avs066"
28600000,"pam 58"
28600000,"pam 45"
28200000,"pam 46"
1.09e+08,"pam 50"
29800000,"pam 54"
26200000,"pam 60"
28600000,"pam 61"
25800000,"pam 62"
17400000,"pam 35"
28400000,"pam 40"
2.5e+07,"pam 41"
2.8e+07,"pam 44"
17300000,"pam 51"
28500000,"pam 59"
19100000,"pam 33"
19700000,"pam 34"
25800000,"pam 37"
28500000,"pam 47"
23600000,"pam 49"
23200000,"pam 52"
27200000,"pam 43"
28100000,"pam 48"
18300000,"pam 55"
17700000,"pam 56"
28300000,"pam 57"
28600000,"pam 42"
28600000,"pam 53"
64400000,"pam 38"
73200000,"pam 39"
18700000,"pam 36"
13500000,"avs051"
13500000,"avs004"
11200000,"avs001"
10500000,"avs056"
12100000,"avs053"
10200000,"avs077"
9402572.83,"avs055"
8535344.49,"avs059"
10300000,"avs003"
10700000,"avs049"
12800000,"avs012"
12200000,"avs061"
26600000,"avs069"
26600000,"avs075"
8961844.57,"avs073"
10300000,"scoresmeligty001"
10500000,"scoresmeligty002"
8948264.446,"scoresmeligty003"
11500000,"scoresmeligty004"
8619236.755,"scoresmeligty006"
18100000,"scoresmeligty008"
2.4e+07,"scoresmeligty009"
11200000,"scoresmeligty010"
10600000,"scoresmeligty013"
10500000,"scoresmeligty019"
16500000,"scoresmeligty020"
1.7e+07,"scoresmeligty021"
15900000,"scoresmeligty023"
10300000,"scoresmeligty025"
13400000,"scoresmeligty027"
14400000,"scoresmeligty028"
14400000,"scoresmeligty029"
16700000,"scoresmeligty032"
16900000,"scoresmeligty035"
1.3e+07,"scoresmeligty038"
19700000,"scoresmeligty039"
9841689.349,"scoresmeligty040"
15500000,"scoresmeligty041"
13800000,"scoresmeligty042"
15100000,"scoresmeligty052"
7956510.314,"scoresmeligty055"
1.1e+07,"scoresmeligty059"
22900000,"scoresmeligty060"
1.3e+07,"scoresmeligty061"
21100000,"scoresmeligty065"
14700000,"scoresmeligty066"
1.3e+07,"scoresmeligty069"
14400000,"scoresmeligty071"
13200000,"scoresmeligty075"
14700000,"scoresmeligty077"
8577290.02,"scoresmeligty079"
14200000,"scoresmeligty080"
11600000,"scoresmeligty081"
20700000,"scoresmeligty082"
13500000,"scoresmeligty084"
14200000,"scoresmeligty085"
16500000,"scoresmeligty086"
10900000,"scoresmeligty087"
8760845.505,"scoresmeligty088"
1.1e+07,"scoresmeligty089"
12200000,"scoresmeligty090"
9851610.169,"scoresmeligty092"
13400000,"scoresmeligty093"
7704264.539,"scoresmeligty095"
15200000,"scoresmeligty096"
4887725.34,"scoresmeligty100"
23200000,"scoresmeligty101"
14400000,"scoresmeligty106"
12400000,"scoresmeligty109"
17200000,"scoresmeligty112"
10500000,"scoresmeligty117"
15700000,"scoresmeligty118"
12600000,"scoresmeligty119"
12600000,"scoresmeligty120"
20700000,"scoresmeligty122"
28500000,"scoresmeligty124"
9443269.742,"scoresmeligty125"
8250661.393,"scoresmeligty130"
6254984.112,"scoresmeligty131"
10500000,"scoresmeligty135"
8549586.811,"scoresmeligty140"
23200000,"scoresmeligty143"
10500000,"scoresmeligty147"
27500000,"scoresmeligty148"
7904215.497,"scoresmeligty149"
15900000,"scoresmeligty151"
13700000,"scoresmeligty155"
15500000,"scoresmeligty156"
14100000,"scoresmeligty160"
1.4e+07,"scoresmeligty162"
21800000,"scoresmeligty163"
17200000,"scoresmeligty164"
7402981.235,"scoresmeligty165"
13800000,"scorezh01"
13400000,"scorezh02"
14400000,"scorezh03"
14400000,"scorezh04"
1.3e+07,"scorezh05"
14800000,"scorezh06"
1.5e+07,"scorezh07"
15500000,"scorezh08"
14700000,"scorezh09"
14400000,"scorezh10"
13200000,"scorezh11"
12600000,"scorezh12"
13700000,"scorezh13"
15100000,"scorezh14"
14400000,"scorezh15"
21500000,"scoresmeligty007"
14500000,"scoresmeligty012"
2.3e+07,"scoresmeligty014"
8273770.087,"scoresmeligty015"
8082133.517,"scoresmeligty016"
27400000,"scoresmeligty017"
8131284.093,"scoresmeligty018"
7570920.157,"scoresmeligty022"
5072075.351,"scoresmeligty024"
27100000,"scoresmeligty026"
22700000,"scoresmeligty033"
16500000,"scoresmeligty034"
11900000,"scoresmeligty043"
7060588.112,"scoresmeligty044"
24100000,"scoresmeligty045"
24400000,"scoresmeligty046"
15900000,"scoresmeligty047"
16800000,"scoresmeligty049"
25400000,"scoresmeligty050"
17500000,"scoresmeligty051"
15500000,"scoresmeligty053"
17200000,"scoresmeligty054"
8566102.879,"scoresmeligty056"
1.3e+07,"scoresmeligty058"
1.3e+07,"scoresmeligty062"
13300000,"scoresmeligty063"
6356210.703,"scoresmeligty064"
11700000,"scoresmeligty067"
20200000,"scoresmeligty068"
5133862.859,"scoresmeligty070"
26400000,"scoresmeligty072"
20900000,"scoresmeligty073"
14800000,"scoresmeligty074"
7690922.005,"scoresmeligty076"
22400000,"scoresmeligty078"
24200000,"scoresmeligty083"
7960123.155,"scoresmeligty094"
17100000,"scoresmeligty098"
20300000,"scoresmeligty099"
7174903.697,"scoresmeligty102"
13300000,"scoresmeligty103"
27300000,"scoresmeligty104"
20500000,"scoresmeligty105"
12300000,"scoresmeligty107"
8505799.086,"scoresmeligty108"
24700000,"scoresmeligty110"
13700000,"scoresmeligty113"
1.5e+07,"scoresmeligty114"
27100000,"scoresmeligty115"
26500000,"scoresmeligty116"
26300000,"scoresmeligty121"
15300000,"scoresmeligty123"
12600000,"scoresmeligty126"
1.2e+07,"scoresmeligty127"
10600000,"scoresmeligty128"
11300000,"scoresmeligty129"
7936033.046,"scoresmeligty132"
1.2e+07,"scoresmeligty133"
10900000,"scoresmeligty134"
18200000,"scoresmeligty136"
11600000,"scoresmeligty137"
4815604.657,"scoresmeligty138"
2e+07,"scoresmeligty139"
4809148.794,"scoresmeligty141"
17400000,"scoresmeligty142"
17200000,"scoresmeligty144"
27700000,"scoresmeligty145"
9503399.28,"scoresmeligty146"
2.7e+07,"scoresmeligty150"
21800000,"scoresmeligty152"
26700000,"scoresmeligty153"
9667741.341,"scoresmeligty154"
17800000,"scoresmeligty157"
4238742.627,"scoresmeligty158"
26500000,"scoresmeligty159"
6208658.278,"scoresmeligty161"
1.5e+07,"scoresmeligty167"
26300000,"scoresmeligty168"
11900000,"scoresmeligty169"
16800000,"scoresmeligty048"
11100000,"scoresmeligty091"
18500000,"scoresmeligty111"
2.1e+07,"scoresmeligty037"
11900000,"scoresmeligty005"
10800000,"scoresmeligty030"
14400000,"scoresmeligty166"
8772539.541,"scoresmeligty011"
13700000,"scoresmeligty036"
23800000,"scoresmeligty031"
8642480.561,"scoresmeligty057"
15100000,"scoresmeligty097"
10700000,"score1"
8668339.066,"score10"
7444761.485,"score11"
8711091.051,"score13"
10700000,"score14"
7848663.46,"score15"
5558723.439,"score16"
9651619.196,"score17"
1.5e+07,"score18"
14100000,"score20"
11400000,"score21"
16700000,"score22"
15800000,"score25"
17100000,"score27"
17700000,"score28"
9377241.114,"score29"
2.4e+07,"score3"
15100000,"score30"
27900000,"score32"
22700000,"score36"
25400000,"score39"
4344285.227,"score40"
27400000,"score41"
14700000,"score45"
1.3e+07,"score47"
12800000,"score48"
7403522.874,"score5"
10700000,"score50"
16200000,"score52"
14300000,"score53"
22800000,"score54"
14900000,"score55"
18300000,"score56"
28400000,"score57"
12500000,"score58"
24400000,"score59"
14900000,"score6"
12200000,"score60"
27800000,"score61"
2.7e+07,"score62"
15700000,"score63"
25800000,"score64"
25600000,"score65"
20100000,"score66"
25500000,"score67"
26100000,"score68"
26100000,"score69"
12800000,"score7"
10700000,"score70"
13600000,"score72"
12200000,"score74"
13700000,"score8"
7751798.612,"score9"
8631043.633,"score19"
3919497.924,"score12"
27700000,"sci110"
22500000,"sci736"
18600000,"sci1117"
9472143.803,"sci1118"
22200000,"sci185"
10300000,"sci293"
10300000,"sci294"
1.2e+07,"sci732"
5702977.641,"sci758"
13900000,"sci813"
14200000,"sci361"
15900000,"sci572"
13300000,"sci90"
20400000,"sci932"
20100000,"sci149"
22600000,"sci152"
2.2e+07,"sci371"
26100000,"sci380"
22900000,"sci385"
2.1e+07,"sci391"
22600000,"sci403"
26400000,"sci509"
2.1e+07,"sci648"
17500000,"sci733"
21100000,"sci99"
6872066.139,"sci1079"
3683218.641,"sci1130"
10600000,"sci1001"
11100000,"sci622"
11500000,"sci626"
6644171.61,"sci886"
7934629.584,"sci912"
12200000,"sci720"
3869340.819,"sci1096"
3584083.254,"sci1097"
3814444.887,"sci1104"
4892724.683,"sci1107"
3904140.127,"sci1113"
3610869.446,"sci1114"
4772685.967,"sci1126"
7871486.42,"sci7"
11700000,"sci728"
15500000,"sci1098"
20100000,"sci112"
44900000,"sci503"
43400000,"sci555"
21100000,"sci612"
17500000,"sci719"
38100000,"sci757"
49600000,"sci827"
4988266.089,"sci638"
37300000,"sci952"
16900000,"sci610"
27200000,"sci631"
12200000,"sci727"
18400000,"sci273"
23100000,"sci378"
13900000,"sci558"
18400000,"sci931"
15800000,"sci390"
21100000,"sci501"
19300000,"sci745"
1.1e+08,"sci251"
21600000,"sci592"
1.09e+08,"sci947"
2.8e+07,"sci102"
3.06e+08,"sci670"
22200000,"sci299"
32900000,"sci364"
2.4e+07,"sci442"
15600000,"sci124"
15900000,"sci164"
12600000,"sci296"
18900000,"sci318"
13600000,"sci606"
13100000,"sci668"
1.1e+08,"sci191"
1.09e+08,"sci946"
20800000,"sci644"
15300000,"sci253"
15100000,"sci683"
9813010.28,"sci826"
49200000,"sci619"
32900000,"sci355"
11900000,"sci410"
12800000,"sci526"
31800000,"sci1044"
18300000,"sci168"
30500000,"sci38"
16700000,"sci408"
1.8e+07,"sci726"
17300000,"sci829"
23900000,"sci50002"
9984849.023,"sci50015"
14400000,"sci50021"
13200000,"sci50023"
26100000,"sci165"
23500000,"sci169"
26300000,"sci209"
21500000,"sci342"
9994646.003,"sci367"
25500000,"sci372"
26700000,"sci57"
22300000,"sci681"
2.9e+07,"sci743"
28200000,"sci92"
2.9e+07,"sci930"
18600000,"sci148"
17200000,"sci171"
17200000,"sci211"
17500000,"sci283"
17400000,"sci329"
17200000,"sci35"
17300000,"sci565"
17900000,"sci584"
21200000,"sci625"
21200000,"sci66"
21200000,"sci693"
47600000,"sci702"
91400000,"sci93"
1.1e+08,"sci953"
92900000,"sci976"
1.1e+08,"sci271"
1.11e+08,"sci331"
1.11e+08,"sci332"
1.1e+08,"sci482"
1.08e+08,"sci556"
1.1e+08,"sci712"
1.1e+08,"sci776"
22800000,"sci84"
1.11e+08,"sci86"
1.1e+08,"sci94"
17500000,"sci1081"
65900000,"sci1083"
18900000,"sci1084"
13900000,"sci1088"
3.7e+07,"sci1090"
1.8e+07,"sci1094"
20700000,"sci1116"
20200000,"sci12"
91600000,"sci29"
21900000,"sci30"
33200000,"sci222"
35800000,"sci264"
25800000,"sci308"
27200000,"sci354"
18900000,"sci47"
2.1e+07,"sci506"
18700000,"sci605"
35400000,"sci881"
19900000,"sci994"
38300000,"sci999"
17900000,"sci1042"
26700000,"sci1101"
1.16e+08,"sci1046"
1.16e+08,"sci113"
2.2e+07,"sci244"
2.2e+07,"sci245"
72700000,"sci488"
31900000,"sci56"
27200000,"sci58"
35800000,"sci61"
29500000,"sci623"
1.16e+08,"sci658"
28300000,"sci749"
1.16e+08,"sci751"
1.71e+08,"sci948"
2.78e+08,"sci949"
37100000,"sci968"
19500000,"sci1000"
22700000,"sci170"
27900000,"sci234"
20200000,"sci433"
19500000,"sci440"
20200000,"sci444"
20800000,"sci806"
20600000,"sci887"
19500000,"sci105"
1.8e+07,"sci351"
2.2e+07,"sci362"
18800000,"sci583"
17700000,"sci598"
26700000,"sci805"
17800000,"sci81"
9704465.605,"sci1133"
27500000,"sci128"
99900000,"sci141"
17700000,"sci143"
1.8e+07,"sci157"
14200000,"sci221"
18300000,"sci241"
1.03e+08,"sci258"
17600000,"sci445"
17500000,"sci513"
17900000,"sci557"
13900000,"sci561"
15700000,"sci6"
19800000,"sci877"
18600000,"sci957"
11700000,"sci434"
21800000,"sci50001"
23400000,"sci50005"
21700000,"sci50006"
23100000,"sci50007"
24300000,"sci50008"
18800000,"sci50009"
16900000,"sci50010"
19800000,"sci50011"
2e+07,"sci50012"
17900000,"sci50013"
12500000,"sci50014"
1.3e+07,"sci50016"
16700000,"sci50017"
1.7e+07,"sci50018"
16700000,"sci608"
22900000,"sci132"
16500000,"sci703"
1.1e+08,"sci450"
1.08e+08,"sci1087"
33600000,"sci324"
23300000,"sci662"
27300000,"sci1031"
26700000,"sci31"
31400000,"sci636"
28400000,"sci645"
23300000,"sci151"
1.61e+08,"sci167"
27200000,"sci302"
11200000,"sci328"
11200000,"sci438"
17900000,"sci202"
17900000,"sci203"
17900000,"sci279"
17900000,"sci43"
17700000,"sci596"
17800000,"sci862"
16100000,"sci992"
1.1e+08,"sci401"
20700000,"sci63"
12100000,"sci347"
33400000,"sci166"
14500000,"sci50020"
17800000,"sci120"
13300000,"sci874"
18800000,"sci753"
1.04e+08,"sci13"
29200000,"sci227"
20600000,"sci153"
12400000,"sci937"
30400000,"sci828"
30500000,"sci1039"
19500000,"sci1041"
25600000,"sci107"
27100000,"sci430"
23300000,"sci936"
17800000,"sci1011"
17900000,"sci44"
33400000,"sci1129"
22200000,"sci188"
17900000,"sci1038"
24800000,"sci297"
28300000,"sci748"
26900000,"sci470"
33400000,"sci499"
33400000,"sci778"
21500000,"sci50003"
21800000,"sci50004"
1.1e+08,"sci711"
25600000,"sci1040"
18400000,"sci319"
18800000,"sci358"
14300000,"sci627"
3.3e+07,"sci659"
3.1e+07,"sci300"
20200000,"sci412"
29700000,"sci1138"
24700000,"sci760"
15900000,"sci50019"
20900000,"sci217"
20500000,"sci80"
27300000,"sci923"
15200000,"sci50022"
31500000,"sci476"
3.3e+07,"sci463"
3.2e+07,"sci956"
25600000,"sci549"
14900000,"sci586"
23800000,"sci33"
33400000,"sci1128"
27200000,"sci759"
9155759.689,"sci808"
19700000,"sci250"
37600000,"sci363"
36900000,"sci451"
35400000,"sci667"
2.6e+07,"sci459"
2e+07,"sci406"
27200000,"sci83"
10700000,"sci1132"
8069773.722,"sci26"
4059528.732,"sci1035"
4270015.107,"sci16"
12600000,"sci624"
8470107.047,"sci643"
11300000,"sci731"
9627719.681,"sci340"
12500000,"sci589"
23200000,"sci1086"
11800000,"sci1002"
12200000,"sci768"
5123523.835,"sci22"
4004295.274,"sci1093"
4043966.956,"sci1115"
5753992.015,"sci1124"
12200000,"sci769"
10700000,"sci848"
11600000,"sci233"
17900000,"sci573"
6721511.78,"sci24"
36900000,"sci277"
11300000,"sci458"
9614520.141,"sci485"
4519218.616,"sci707"
3577390.132,"sci980"
13200000,"sci637"
13500000,"sci1058"
19700000,"sci1071"
17200000,"sci1074"
1.7e+07,"sci1075"
17100000,"sci131"
13300000,"sci546"
17900000,"sci811"
1.07e+08,"sci780"
75900000,"sci1082"
1.05e+08,"sci1085"
14900000,"sci1089"
13200000,"sci11"
1.08e+08,"sci1119"
1.04e+08,"sci1125"
1.02e+08,"sci1131"
5042641.056,"sci1092"
11300000,"sci104"
5702977.641,"sci1112"
4267973.025,"sci694"
8754457.339,"sci1137"
39200000,"sci14"
8110555.511,"sci276"
39300000,"sci67"
41300000,"sci777"
41100000,"sci789"
41100000,"sci790"
11800000,"sci198"
13300000,"sci835"
8988999.478,"sci252"
6308377.375,"sci396"
11400000,"sci435"
9285996.799,"sci747"
10300000,"sci837"
3073204.227,"sci872"
8949426.383,"sci873"
9699963.779,"sci884"
10300000,"sci1005"
14100000,"sci1007"
1.4e+07,"sci1010"
2.7e+07,"sci1050"
13600000,"sci1055"
1.2e+07,"sci1059"
14400000,"sci1072"
11100000,"sci192"
12400000,"sci214"
13200000,"sci398"
14200000,"sci457"
15500000,"sci467"
10900000,"sci491"
12600000,"sci524"
14400000,"sci688"
15700000,"sci764"
14700000,"sci951"
12100000,"sci993"
4739313.597,"sci691"
1.08e+08,"sci1091"
29200000,"sci17"
7775233.427,"sci609"
39300000,"sci735"
42400000,"sci889"
1.1e+07,"sci796"
9699963.779,"sci883"
1.2e+07,"sci473"
4.1e+07,"sci1127"
32600000,"sci674"
9699963.779,"sci885"
9224827.692,"sci903"
16100000,"sci678"
10700000,"sci846"
9701509.938,"sci979"
1.2e+07,"sci801"
30800000,"sci1136"
35700000,"sci28"
36700000,"sci788"
9614520.141,"sci337"
6233066.724,"sci460"
4660735.133,"sci646"
12200000,"sci266"
18400000,"sci1135"
12800000,"sci798"
28700000,"sci344"
10200000,"sci1067"
1.07e+08,"sci537"
31900000,"sci650"
5279939.018,"sci1043"
11900000,"sci1078"
13200000,"sci142"
12300000,"sci955"
7875819.489,"sci1103"
7901835.855,"sci521"
28500000,"sci547"
18100000,"sci317"
7270358.992,"sci1080"
12300000,"sci1100"
13500000,"sci20"
8441315.622,"sci464"
13100000,"sci922"
14400000,"sci959"
34200000,"sci611"
28400000,"sci574"
51300000,"sci274"
1.09e+08,"sci383"
1.08e+08,"sci507"
71200000,"sci618"
21100000,"sci822"
9059843.51,"sci969"
47300000,"sci635"
6757340.078,"sci708"
4926089.946,"sci512"
4762069.164,"sci696"
12600000,"sci915"
9393802.889,"sci972"
15500000,"sci156"
1.4e+07,"sci246"
15700000,"sci409"
12100000,"sci713"
17100000,"sci1060"
18500000,"sci320"
22500000,"sci115"
1.11e+08,"sci147"
1.09e+08,"sci160"
86500000,"sci181"
17700000,"sci228"
9591565.597,"sci262"
99100000,"sci343"
54900000,"sci591"
8262372.489,"sci617"
6e+07,"sci870"
3591737.213,"sci1036"
6033582.974,"sci1108"
5702977.641,"sci1110"
6644171.61,"sci1120"
4227316.84,"sci1122"
3891690.118,"sci1139"
4057379.447,"sci18"
8182197.173,"sci19"
2062697.293,"sci193"
6716659.537,"sci25"
4804622.452,"sci525"
8308921.291,"sci840"
8793152.161,"sci496"
14100000,"sci159"
11900000,"sci518"
6758512.532,"sci700"
4101130.878,"sci10"
3491283.779,"sci1123"
8830042.462,"sci540"
11800000,"sci671"
33400000,"sci441"
13600000,"sci502"
8909215.358,"sci548"
4795583.157,"sci607"
11200000,"sci554"
12800000,"sci97"
11600000,"sci108"
18300000,"sci1053"
17200000,"sci1062"
27800000,"sci310"
28800000,"sci366"
18700000,"sci415"
15900000,"sci436"
17200000,"sci48"
17100000,"sci585"
30400000,"sci704"
21200000,"sci767"
1.04e+08,"sci970"
25800000,"sci568"
49200000,"sci710"
14400000,"sci1073"
19900000,"sci150"
22500000,"sci744"
20700000,"sci229"
22200000,"sci386"
20900000,"sci413"
20500000,"sci665"
25500000,"sci666"
44700000,"sci716"
44800000,"sci995"
20400000,"sci208"
12400000,"sci301"
1.1e+07,"sci307"
10900000,"sci314"
20600000,"sci628"
20600000,"sci73"
18700000,"sci755"
9053008.983,"sci896"
14200000,"sci206"
6746943.956,"sci690"
9496151.162,"sci793"
7883246.143,"sci916"
16800000,"sci370"
20500000,"sci629"
1.8e+07,"sci795"
16700000,"sci820"
6123019.301,"sci469"
19600000,"sci630"
9495994.59,"sci794"
20400000,"sci286"
8406050.717,"sci114"
9877123.051,"sci98"
10700000,"sci791"
9539785.241,"sci580"
11500000,"sci309"
7690477.646,"sci154"
9650081.992,"sci422"
7715052.847,"sci542"
9902393.751,"sci543"
8853912.59,"sci772"
1.1e+07,"sci407"
20300000,"sci129"
7946042.911,"sci575"
21100000,"sci144"
1.9e+07,"sci230"
9778904.857,"sci381"
20500000,"sci382"
21900000,"sci709"
10300000,"sci88"
1.1e+07,"sci207"
16700000,"sci145"
13100000,"sci384"
19300000,"sci387"
20400000,"sci800"
7898930.601,"sci172"
5.73e+08,"sci55"
11200000,"sci967"
14900000,"sci369"
20400000,"sci869"
22900000,"sci581"
22500000,"sci594"
20400000,"sci781"
20500000,"sci782"
21500000,"sci270"
12100000,"sci326"
21700000,"sci1056"
20300000,"sci898"
20400000,"sci938"
6119390.763,"sci511"
11100000,"sci54"
5.73e+08,"sci263"
12300000,"sci522"
8159626.754,"sci824"
5.73e+08,"sci983"
7547101.524,"sci295"
5.73e+08,"sci349"
18100000,"sci940"
5.73e+08,"sci117"
6593543.929,"sci201"
8246296.466,"sci304"
8245980.004,"sci564"
7903202.543,"sci571"
8245980.004,"sci660"
6992826.951,"sci679"
7963780.989,"sci685"
2.9e+07,"sci1006"
28600000,"sci130"
3e+07,"sci146"
28900000,"sci65"
24100000,"sci655"
20200000,"sci1012"
26700000,"sci272"
20500000,"sci37"
21100000,"sci579"
19900000,"sci687"
16500000,"sci87"
2.4e+07,"sci978"
6860883.225,"sci560"
5359952.584,"sci725"
5713461.32,"sci918"
9654211.869,"sci377"
5523236.924,"sci920"
3918454.438,"sci392"
6421316.796,"sci226"
7093795.691,"sci365"
1.1e+07,"sci651"
9855683.608,"sci878"
3117658.181,"sci892"
27400000,"sci190"
15900000,"sci79"
2.7e+07,"sci429"
26400000,"sci179"
22800000,"sci418"
22800000,"sci989"
2791065.631,"sci964"
28200000,"sci4"
27300000,"sci42"
2e+07,"sci133"
18800000,"sci334"
28500000,"sci741"
25900000,"sci82"
15300000,"sci842"
10700000,"sci225"
5359952.584,"sci673"
5110174.647,"sci895"
2449314.152,"sci527"
26900000,"sci489"
15500000,"sci962"
2861243.304,"sci425"
21900000,"sci187"
2.4e+07,"sci315"
20800000,"sci341"
4010570.585,"sci1003"
5899124.283,"sci288"
4062471.802,"sci652"
3617676.191,"sci807"
2564662.587,"sci913"
5899124.283,"sci925"
4638649.634,"sci935"
2e+07,"sci990"
21900000,"sci123"
2e+07,"sci275"
2e+07,"sci437"
18300000,"sci46"
2e+07,"sci639"
18400000,"sci818"
5002760.275,"sci353"
5017854.527,"sci514"
2040285.624,"sci388"
19100000,"sci212"
17700000,"sci219"
31400000,"sci356"
2.3e+07,"sci453"
19500000,"sci541"
11200000,"sci559"
19100000,"sci602"
3.3e+07,"sci615"
3.3e+07,"sci797"
33700000,"sci802"
3.3e+07,"sci984"
2851260.317,"sci303"
2775486.678,"sci333"
13700000,"sci109"
1.7e+07,"sci183"
1.6e+07,"sci232"
17100000,"sci3"
17200000,"sci404"
4074520.253,"sci545"
1.6e+07,"sci718"
9101074.827,"sci943"
19800000,"sci966"
20700000,"sci220"
26700000,"sci350"
16800000,"sci775"
16400000,"sci590"
8785634.316,"sci942"
22700000,"sci432"
22900000,"sci493"
21200000,"sci817"
23500000,"sci536"
5899124.283,"sci289"
4484345.736,"sci452"
2488996.339,"sci478"
1920298.095,"sci569"
5899124.283,"sci926"
26300000,"sci539"
1223344.995,"sci247"
2278512.672,"sci914"
1458198.362,"sci954"
23600000,"sci338"
11800000,"sci313"
22700000,"sci492"
3857375.296,"sci855"
25800000,"sci335"
8144095.535,"sci205"
1.7e+07,"sci339"
8148998.537,"sci431"
3718181.923,"sci669"
4905180.694,"sci831"
1920298.095,"sci754"
3719467.562,"sci699"
1991617.358,"sci182"
2363812.467,"sci424"
1345583.095,"sci832"
1.7e+07,"sci419"
16200000,"sci661"
10100000,"sci196"
10600000,"sci223"
10600000,"sci316"
13100000,"sci474"
12400000,"sci988"
5056462.14,"sci462"
7639930.223,"sci535"
5067402.29,"sci924"
22600000,"sci402"
2.2e+07,"sci654"
23700000,"sci69"
13200000,"sci705"
20800000,"sci74"
16300000,"sci101"
16300000,"sci1121"
19700000,"sci127"
12800000,"sci176"
12500000,"sci213"
18200000,"sci237"
16200000,"sci375"
16200000,"sci376"
17100000,"sci481"
21900000,"sci59"
17200000,"sci973"
6589668.666,"sci330"
3878539.732,"sci216"
6214298.893,"sci261"
7776194.081,"sci443"
3308795.714,"sci566"
7524164.925,"sci620"
7252279.12,"sci724"
4141170.898,"sci941"
12700000,"sci139"
1.2e+07,"sci238"
1.2e+07,"sci239"
11900000,"sci240"
12300000,"sci327"
12100000,"sci587"
1.5e+07,"sci672"
11900000,"sci742"
22600000,"sci761"
11500000,"sci89"
10300000,"sci965"
11400000,"sci977"
2644514.405,"sci1099"
4502661.725,"sci321"
2955081.533,"sci345"
10700000,"sci393"
8265414.087,"sci423"
1.1e+07,"sci576"
3641944.363,"sci723"
5813351.507,"sci821"
9595549.601,"sci856"
4871880.781,"sci871"
3785146.802,"sci911"
7524088.92,"sci927"
4593140.363,"sci242"
4595089.464,"sci616"
3692701.769,"sci698"
3320889.511,"sci859"
4725145.594,"sci235"
2670147.515,"sci455"
5683517.253,"sci508"
2962382.552,"sci533"
2075993.952,"sci562"
4310911.344,"sci721"
4310911.344,"sci746"
2644514.405,"sci819"
2933437.55,"sci868"
8742058.706,"sci917"
3313743.614,"sci961"
10700000,"sci987"
12300000,"sci106"
21900000,"sci2"
31200000,"sci357"
15500000,"sci50"
11100000,"sci676"
18800000,"sci717"
15700000,"sci803"
15500000,"sci804"
17100000,"sci985"
15500000,"sci986"
23100000,"sci119"
22200000,"sci653"
2.2e+07,"sci71"
13700000,"sci75"
22200000,"sci974"
7567770.484,"sci163"
6160216.459,"sci597"
3346522.074,"sci981"
10900000,"sci34"
3092633.476,"sci389"
6237884.26,"sci534"
9779703.598,"sci928"
32500000,"sci588"
15600000,"sci96"
7253915.182,"sci550"
10400000,"sci505"
15600000,"sci218"
22300000,"sci72"
19800000,"sci140"
9842052.666,"sci454"
3590520.207,"sci528"
2393686.174,"sci833"
10300000,"sci475"
3913597.891,"sci929"
6414540.991,"sci642"
3871779.818,"sci186"
2086499.106,"sci825"
9679750.2,"sci446"
12700000,"sci770"
7956491.139,"sci771"
12500000,"sci812"
12900000,"sci1004"
10600000,"sci982"
12600000,"sci763"
13400000,"sci888"
3051868.965,"sci836"
2.2e+07,"sci70"
22400000,"sci975"
10600000,"sci224"
3747055.867,"sci199"
21700000,"sci155"
428614.1686,"sci692"
3261788.49,"sci960"
16800000,"sci921"
11100000,"sci121"
2e+07,"sci248"
10700000,"sci472"
12300000,"sci325"
9766444.178,"sci210"
10100000,"sci352"
18600000,"sci368"
411085.1259,"sci779"
4140562.022,"sci950"
12100000,"sci158"
18700000,"sci582"
2662060.589,"sci257"
4202585.678,"sci577"
3334019.576,"sci766"
6230104.811,"sci259"
6228082.831,"sci260"
5.1e+08,"sci136"
5.2e+08,"sci762"
22900000,"dolf5"
2.7e+07,"dolf6"
6.17e+08,"sci428"
38900000,"sci254"
38500000,"sci292"
6.6e+08,"sci1051"
6.15e+08,"sci1095"
5.1e+08,"sci135"
10900000,"sci45"
6.29e+08,"sci305"
7.33e+08,"sci1052"
29700000,"sci1015"
28700000,"sci111"
30400000,"sci178"
3638737.523,"sci21"
13600000,"sci249"
11100000,"sci267"
2e+07,"sci516"
21200000,"sci532"
5819454.712,"sci538"
15200000,"sci593"
13900000,"sci621"
26100000,"sci647"
8647996.754,"sci823"
12100000,"sci894"
2773161.765,"sci256"
7250269.869,"sci268"
6684269.713,"sci864"
8980965.364,"sci787"
8933909.21,"sci1134"
15800000,"sci752"
3.9e+07,"sci195"
29100000,"sci204"
6498851.424,"sci287"
18700000,"sci336"
12700000,"sci515"
33800000,"sci544"
1.2e+07,"sci603"
12700000,"sci714"
12700000,"sci715"
13400000,"sci78"
7950115.453,"sci765"
1.2e+07,"sci901"
6.19e+08,"sci1018"
6.18e+08,"sci1026"
6.19e+08,"sci1033"
6.18e+08,"sci53"
6.19e+08,"sci530"
6.19e+08,"sci682"
6.19e+08,"sci783"
6.2e+08,"sci1014"
6.2e+08,"sci1021"
6.19e+08,"sci1027"
6.16e+08,"sci1029"
6.17e+08,"sci1032"
6.09e+08,"sci1063"
6.16e+08,"sci76"
5.99e+08,"sci77"
6.19e+08,"sci810"
6.2e+08,"sci1057"
6.41e+08,"sci215"
6.38e+08,"sci405"
6.24e+08,"sci498"
6.76e+08,"sci51"
7.04e+08,"sci1013"
34500000,"sci490"
7.19e+08,"sci9"
6.5e+08,"sci281"
6.4e+08,"sci282"
6.19e+08,"sci68"
6.19e+08,"sci773"
6.19e+08,"sci774"
6.19e+08,"sci816"
6.19e+08,"sci880"
38900000,"sci255"
38500000,"sci291"
4.87e+08,"sci471"
38900000,"sci722"
38400000,"sci906"
10700000,"sci373"
10900000,"sci484"
44500000,"sci103"
4.1e+07,"sci197"
25300000,"sci729"
43100000,"sci958"
6.72e+08,"sci1"
6.93e+08,"sci1102"
12400000,"sci174"
7.28e+08,"sci177"
6.83e+08,"sci311"
7.07e+08,"sci426"
6.88e+08,"sci600"
6.83e+08,"sci843"
6.96e+08,"sci1024"
7.14e+08,"sci122"
6.86e+08,"sci134"
6.79e+08,"sci161"
6.95e+08,"sci162"
6.9e+08,"sci312"
7.34e+08,"sci32"
7.18e+08,"sci461"
7.24e+08,"sci49"
6.72e+08,"sci494"
6.89e+08,"sci613"
6.95e+08,"sci879"
19100000,"sci1009"
19100000,"sci200"
21300000,"sci448"
6.34e+08,"sci1069"
6.19e+08,"sci1070"
6.18e+08,"sci125"
6.18e+08,"sci126"
6.44e+08,"sci851"
6.48e+08,"sci852"
6.6e+08,"sci860"
6.49e+08,"sci1019"
6.14e+08,"sci1047"
6.44e+08,"sci1048"
6.37e+08,"sci1049"
6.33e+08,"sci1077"
6.58e+08,"sci1105"
6.61e+08,"sci1106"
6.41e+08,"sci175"
7.15e+08,"sci346"
6.53e+08,"sci740"
4840027.913,"sci971"
7905757.588,"sci656"
10400000,"sci649"
9495506.203,"sci599"
6.18e+08,"sci483"
6.19e+08,"sci529"
6.17e+08,"sci799"
6.47e+08,"sci1022"
6.41e+08,"sci1111"
6.69e+08,"sci52"
6.41e+08,"sci830"
19200000,"sci1065"
6.23e+08,"sci486"
1.1e+07,"sci640"
21300000,"sci857"
6.24e+08,"sci416"
6.18e+08,"sci815"
6.41e+08,"sci850"
6.4e+08,"sci1028"
6.28e+08,"sci15"
6.19e+08,"sci734"
4429507.813,"sci531"
67300000,"sci91"
6.97e+08,"sci849"
6.51e+08,"sci853"
6.6e+08,"sci348"
38500000,"sci138"
1.1e+07,"sci641"
20400000,"sci180"
1.1e+07,"sci614"
6.38e+08,"sci497"
19500000,"sci40"
6.6e+08,"sci680"
19400000,"sci39"
7738398.522,"sci834"
6.19e+08,"sci1054"
6.09e+08,"sci1017"
7.04e+08,"sci100"
5.28e+08,"sci8"
4.3e+07,"sci479"
6.23e+08,"sci417"
6610285.242,"sci701"
4901906.611,"sci841"
22200000,"sci118"
22600000,"sci891"
10100000,"sci663"
6.6e+08,"sci1066"
6.17e+08,"sci427"
6.19e+08,"sci1034"
7.43e+08,"sci137"
4.92e+08,"sci284"
4.84e+08,"sci36"
7.44e+08,"sci95"
6.21e+08,"sci1076"
6.34e+08,"sci867"
1.73e+08,"sci750"
21500000,"sci945"
10900000,"sci468"
40300000,"sci551"
16700000,"sci60"
17400000,"sci897"
6.91e+08,"sci23"
6.74e+08,"sci41"
7.03e+08,"sci64"
6.98e+08,"sci738"
6.58e+08,"sci866"
6.29e+08,"sci1030"
9174064.854,"sci306"
1e+07,"sci900"
6.19e+08,"sci1068"
6.19e+08,"sci809"
6.41e+08,"sci480"
38500000,"sci290"
11700000,"sci85"
19500000,"sci265"
22200000,"sci876"
7354610.325,"sci963"
3673866.378,"sci27"
7906438.356,"sci510"
11700000,"sci756"
8086962.865,"sci919"
10200000,"sci902"
7.3e+08,"sci839"
19500000,"sci1061"
22200000,"sci875"
12600000,"sci601"
7525688.275,"sci243"
7493912.061,"sci399"
5504564.844,"sci414"
5909309.553,"sci477"
9134691.951,"sci519"
9134691.951,"sci552"
7399106.574,"sci657"
6223963.174,"sci677"
7498283.692,"sci737"
10100000,"sci882"
7178774.702,"sci394"
6398827.858,"sci395"
1785826.457,"sci397"
2720144.972,"sci421"
1227647.344,"sci563"
7186488.831,"sci689"
2292329.989,"sci844"
1956287.264,"sci854"
12900000,"sci910"
8828340.662,"sci517"
10200000,"sci280"
13600000,"sci323"
8688572.796,"sci504"
10300000,"sci520"
1.1e+07,"sci523"
25900000,"sci570"
8672157.634,"sci784"
8040483.047,"sci785"
1e+07,"sci847"
8933909.21,"sci933"
11600000,"sci991"
8023302.241,"sci595"
34100000,"sci890"
18700000,"sci909"
9784996.411,"sci359"
9739689.986,"sci360"
9129881.006,"sci792"
8683498.049,"sci861"
1e+07,"sci899"
6.19e+08,"sci1025"
6.38e+08,"sci500"
6.03e+08,"sci664"
19200000,"sci487"
55800000,"sci944"
12600000,"sci322"
11300000,"sci374"
10900000,"sci466"
10300000,"sci632"
11600000,"sci908"
13100000,"sci1045"
43700000,"sci495"
30700000,"sci62"
20800000,"sci730"
1.6e+07,"sci904"
15500000,"sci905"
6.71e+08,"sci173"
6.88e+08,"sci686"
19400000,"sci184"
21300000,"sci814"
21300000,"sci858"
9115879.585,"sci604"
4085020.266,"sci838"
6688758.429,"sci865"
16800000,"sci400"
8354582.836,"sci695"
21400000,"sci449"
11700000,"sci116"
12300000,"sci675"
10200000,"sci706"
6.15e+08,"sci1020"
31300000,"sci934"
7635250.55,"sci907"
16700000,"sci231"
8040483.047,"sci786"
9985029.83,"sci553"
6.33e+08,"sci1064"
6.5e+08,"sci285"
32100000,"sci439"
6.81e+08,"sci5"
11600000,"sci567"
6.81e+08,"sci1023"
6.2e+08,"sci939"
20800000,"sci1109"
6.77e+08,"sci1016"
2.35e+08,"sci379"
6.6e+08,"sci684"
61200000,"sci739"
10600000,"sci465"
27900000,"dolf1"
26500000,"dolf2"
23500000,"dolf3"
8646382.686,"sci1008"
15600000,"sci1037"
14500000,"sci189"
7979780.677,"sci578"
17300000,"sci298"
10900000,"sci863"
15700000,"sci996"
15600000,"sci236"
15700000,"sci997"
13800000,"sci634"
18400000,"sci420"
13600000,"sci633"
21700000,"sci998"
22800000,"sci278"
19800000,"sci447"
21300000,"dolf4"
15500000,"dolf7"
3272788.574,"scoresh56"
18200000,"scoresh21"
7654129.645,"scoresh104"
3500337.841,"scoresh105"
8515559.843,"scoresh111"
3108549.428,"scoresh113"
2135764.672,"scoresh116"
4496784.976,"scoresh126"
6668797.559,"scoresh140"
3720178.832,"scoresh141"
2772136.052,"scoresh145"
6585119.167,"scoresh160"
7125337.288,"scoresh162"
3338332.177,"scoresh163"
6213708.484,"scoresh167"
6984168.764,"scoresh172"
2729739.164,"scoresh178"
3693230.579,"scoresh179"
3807133.703,"scoresh183"
5042713.717,"scoresh188"
2840413.771,"scoresh193"
7710081.105,"scoresh196"
6803260.978,"scoresh197"
3568075.471,"scoresh202"
6224343.477,"scoresh74"
5681273.958,"scoresh75"
6240359.49,"scoresh81"
6353696.576,"scoresh90"
4252571.386,"scoresh94"
8359237.94,"scoresh96"
2799554.301,"scoresh101"
5646981.545,"scoresh103"
3083205.741,"scoresh106"
1130502.451,"scoresh117"
2376623.31,"scoresh121"
18900000,"scoresh131"
2.3e+07,"scoresh132"
5651887.552,"scoresh133"
16200000,"scoresh134"
6365792.466,"scoresh136"
17200000,"scoresh139"
2745723.226,"scoresh142"
18800000,"scoresh143"
17900000,"scoresh146"
3517949.411,"scoresh147"
20800000,"scoresh150"
15700000,"scoresh173"
10800000,"scoresh181"
12900000,"scoresh182"
2301217.206,"scoresh195"
23800000,"scoresh206"
25100000,"scoresh207"
2791472.295,"scoresh95"
22600000,"scoresh97"
2656875.416,"scoresh98"
5595995.777,"scoresh100"
1673246.227,"scoresh102"
4014982.64,"scoresh137"
3971566.677,"scoresh138"
3573431.995,"scoresh168"
4154673.72,"scoresh174"
4315051.133,"scoresh185"
3951482.323,"scoresh186"
4206331.048,"scoresh191"
3438960.03,"scoresh198"
3613239.285,"scoresh68"
6412679.105,"scoresh84"
2066858.764,"scoresh92"
8005818.756,"scoresh112"
7466625.867,"scoresh115"
10800000,"scoresh127"
8474331.467,"scoresh135"
8802857.278,"scoresh149"
1.4e+07,"scoresh161"
10400000,"scoresh164"
9923487.216,"scoresh165"
10500000,"scoresh169"
10400000,"scoresh187"
11400000,"scoresh194"
13600000,"scoresh203"
5923979.305,"scoresh17"
8154649.553,"scoresh48"
7900753.462,"scoresh57"
5313273.982,"scoresh13"
6993472.045,"scoresh14"
2716354.615,"scoresh46"
2718380.32,"scoresh53"
2487307.736,"scoresh60"
4353311.21,"scoresh62"
7024426.076,"scoresh27"
7946533.231,"scoresh31"
2869818.479,"scoresh01"
5578043.477,"scoresh51"
14600000,"scoresh26"
12100000,"scoresh41"
13100000,"scoresh107"
10300000,"scoresh114"
16700000,"scoresh129"
7426126.108,"scoresh151"
3951188.089,"scoresh166"
13100000,"scoresh190"
13700000,"scoresh91"
9664915.101,"scoresh118"
7554166.504,"scoresh148"
58100000,"scoresh170"
7521388.875,"scoresh175"
36300000,"scoresh180"
8084525.294,"scoresh184"
1e+07,"scoresh192"
39500000,"scoresh83"
20100000,"scoresh18"
23800000,"scoresh52"
21100000,"scoresh24"
15800000,"scoresh47"
7623138.579,"scoresh16"
13700000,"scoresh59"
20600000,"scoresh61"
11100000,"scoresh200"
2e+07,"scoresh122"
17900000,"scoresh123"
19800000,"scoresh124"
18700000,"scoresh125"
24700000,"scoresh144"
20400000,"scoresh153"
20800000,"scoresh189"
25600000,"scoresh204"
2.2e+07,"scoresh72"
21500000,"scoresh73"
22800000,"scoresh82"
20400000,"scoresh86"
1.24e+08,"scoresh128"
1.23e+08,"scoresh156"
1.25e+08,"scoresh159"
1.2e+08,"scoresh201"
1.29e+08,"scoresh205"
1.21e+08,"scoresh65"
1.2e+08,"scoresh70"
1.18e+08,"scoresh71"
1.21e+08,"scoresh79"
1.24e+08,"scoresh80"
11600000,"scoresh110"
14100000,"scoresh152"
19900000,"scoresh154"
13800000,"scoresh171"
1.2e+07,"scoresh177"
13600000,"scoresh66"
1.3e+07,"scoresh76"
19500000,"scoresh78"
12200000,"scoresh85"
23200000,"scoresh108"
23900000,"scoresh109"
15700000,"scoresh130"
14100000,"scoresh199"
1.13e+08,"scoresh69"
12600000,"scoresh119"
16200000,"scoresh120"
14500000,"scoresh155"
1.6e+07,"scoresh157"
13900000,"scoresh158"
14800000,"scoresh67"
17600000,"scoresh77"
15900000,"scoresh87"
18500000,"scoresh89"
24200000,"scoresh34"
14200000,"scoresh39"
1.16e+08,"scoresh07"
12100000,"scoresh11"
12700000,"scoresh40"
12700000,"scoresh49"
1.19e+08,"scoresh25"
2.1e+07,"scoresh176"
1.29e+08,"scoresh06"
12800000,"scoresh88"
16700000,"scoresh99"
13200000,"scoresh93"
94200000,"scoresh54"
25600000,"scoresh10"
24300000,"scoresh29"
16100000,"scoresh38"
12700000,"scoresh05"
13300000,"scoresh32"
1.22e+08,"scoresh33"
15900000,"scoresh43"
4888160.639,"scoresh36"
19100000,"scoresh03"
20300000,"scoresh28"
23600000,"scoresh30"
13300000,"scoresh09"
18200000,"scoresh20"
23100000,"scoresh23"
20100000,"scoresh44"
11700000,"scoresh02"
12800000,"scoresh12"
12700000,"scoresh35"
21900000,"scoresh37"
13200000,"scoresh50"
13200000,"scoresh19"
18200000,"scoresh22"
2519299.078,"scoresh64"
13500000,"scoresh15"
13500000,"scoresh45"
15200000,"scoresh08"
15800000,"scoresh42"
15900000,"scoresh55"
14100000,"scoresh58"
14300000,"scoresh63"
16600000,"scoresh04"
32200000,"praw001"
30100000,"praw004"
23300000,"praw008"
37900000,"praw016"
28200000,"praw017"
58700000,"praw020"
21800000,"praw023"
42500000,"praw011"
41100000,"praw012"
16800000,"praw015"
41400000,"praw018"
38400000,"praw019"
4.31e+08,"praw021"
1.79e+08,"praw002"
42800000,"praw009"
34400000,"praw013"
27900000,"praw022"
39700000,"praw010"
33600000,"praw024"
40300000,"praw005"
3.84e+08,"praw006"
8.3e+07,"praw007"
3.98e+08,"praw014"
35900000,"praw003"
38100000,"rudolf02"
38100000,"rudolf11"
20400000,"rudolf03"
16800000,"rudolf06"
8098257.245,"rudolf09"
15200000,"rudolf01"
15100000,"rudolf07"
37400000,"rudolf14"
10100000,"rudolf04"
5384013.643,"rudolf08"
22900000,"rudolf12"
17300000,"rudolf13"
13100000,"rudolf05"
18600000,"rudolf10"
